farhan95,13,12/3/2021,21:43:05,4,york12,15,Yes,on13111
salman90,,08/04/2021,01:13:48,6,ydl53,,,
ak47,???,08/04/2021,01:30:47,4,sq5,???,???,???
ak47,???,08/04/2021,01:34:15,4,ydl22,???,???,PL314142
srk,???,08/04/2021,01:43:15,2,stg14,???,???,UP1313
srk,???,08/04/2021,01:46:45,9,13,???,???,VB21311
farhan95,???,08/04/2021,13:06:44,4,sqo44,???,???,L3111
farhan95,,08/04/2021,14:57:42,4,sq1,???,???,L1090
farhan95,7he1,08/04/2021,15:19:24,2,ydl29,???,???,K1982
ak47,???,08/04/2021,01:30:47,4,sq5,???,???,???
ak47,???,08/04/2021,01:34:15,4,ydl22,???,???,PL314142
srk,???,08/04/2021,01:43:15,2,stg14,???,???,UP1313
srk,???,08/04/2021,01:46:45,9,13,???,???,VB21311
bond007,2h6h,29/04/2021,20:50:29,3,york25,6.0,,L1666
bond007,dkd4,09/04/2021,01:00:18,2,york23,4.0,,L111111
farhan95,4bf7,09/04/2021,20:31:48,12,ydl33,24.0,,R44242
farhan95,2df6,10/04/2021,00:34:50,4,york22,8.0,,L9999
salman90,dd44,10/04/2021,00:37:00,14.5,ydl25,29.0,,L88888
ak47,2egd,18/04/2021,09:40:13,5.5,ydl26,11.0,,Y7777
donald1,5e1c,19/04/2021,11:43:00,5,sqo1,null,,g444444
fs13,2a1h,19/04/2021,09:00:50,10,stg22,20.0,,U777777
fs13,fgfh,15/04/2021,11:23:21,6,stg33,12.0,Paid at: 2021-04-10 01:24:01.713,X314133
